Company Name,Corporate URL
4th & Heart,https://fourthandheart.com/
4th & Heart,https://fourthandheart.com/
"818 Spirits, Inc.",https://drink818.com/
"818 Spirits, Inc.",https://drink818.com/
AdAdapted,https://www.adadapted.com/
AdAdapted,https://www.adadapted.com/
AKI,https://www.a.ki/
Alamance Foods,https://www.alamancefoods.com/
Alamance Foods,https://www.alamancefoods.com/
American Licorice Company,https://shop.americanlicorice.com/pages/contact-us
American Pet Nutrition,https://www.linkedin.com/company/american-pet-nutrition
American Pet Nutrition,https://www.linkedin.com/company/american-pet-nutrition
Amylu,https://amylufoods.com/
Amylu,https://amylufoods.com/
Anheuser-Busch InBev,https://www.ab-inbev.com/
Anheuser-Busch InBev,https://www.ab-inbev.com/
Archpoint Group,https://archpointgroup.com/
Archpoint Group,https://archpointgroup.com/
Ark Naturals,https://www.antelopepets.com/pages/about-us
Ark Naturals,https://www.antelopepets.com/pages/about-us
"AUDIOis, Inc.",https://www.dnb.com/business-directory/company-profiles.audiois_inc.f2440479be3f84405acbdc0a278179f4.html
B Boys Inc,https://www.dnb.com/business-directory/company-profiles.b_boys_inc.d3000818e06956021bbbd3f53c951696.html
B Boys Inc,https://www.dnb.com/business-directory/company-profiles.b_boys_inc.d3000818e06956021bbbd3f53c951696.html
"Blis USA, Inc",https://www.dnb.com/business-directory/company-profiles.blis_usa_inc.f3896d4091ab4e402051a350660d0447.html
blk.beverages,https://shop.getblk.com/pages/about-us
blk.beverages,https://shop.getblk.com/
"Blue Bell Creameries, L.P.",https://www.bluebell.com/
"Blue Bell Creameries, L.P.",https://www.bluebell.com/
Blue Buffalo,https://bluebuffalo.com/about/contact/
Blue Buffalo,https://bluebuffalo.com/about/contact/
Blue Chip Marketing Worldwide,https://bluechipww.com/
Cabot Creamery,https://cabotcreamery.com/
Cabot Creamery,https://cabotcreamery.com/
"CANarchy Craft Brewery Collective, LLC",https://www.canarchy.beer/
"CANarchy Craft Brewery Collective, LLC",https://www.canarchy.beer/
Dairy Farmers of America(DFA),https://www.dfamilk.com/
Dairy Farmers of America(DFA),https://www.dfamilk.com/
Digits Agency,https://www.digitsagency.com/
Dry Soda Company,https://drinkdry.com/pages/about-us
Dry Soda Company,https://drinkdry.com/pages/about-us
"Egglife Foods, Inc",https://www.egglifefoods.com/
"Egglife Foods, Inc",https://www.egglifefoods.com/
Endangered Species Chocolate,https://chocolatebar.com/
Endangered Species Chocolate,https://chocolatebar.com/
Faribault Foods,https://www.faribaultfoods.com/
Faribault Foods,https://www.faribaultfoods.com/
Forage Kombucha LLC,https://drinkforage.com/
Forage Kombucha LLC,https://drinkforage.com/
Force Factor,https://forcefactor.com/
"Force of Nature, LLC",https://forceofnature.com/
"Force of Nature, LLC",https://forceofnature.com/
Four Sigmatic,https://us.foursigmatic.com/
Four Sigmatic,https://us.foursigmatic.com/
"Fruit of the Loom c/o GSD&M, LLC",https://www.gsdm.com/
"Garza Food Ventures, LLC",https://www.dnb.com/business-directory/company-profiles.garza_food_ventures_llc.66a705431826af20b7c1402305141e06.html
"Garza Food Ventures, LLC",https://opencorporates.com/companies/us_tx/0801939693
General Mills,https://www.generalmills.com/
General Mills,https://www.generalmills.com/
Generator,https://www.generac.com/
GHOST Beverages LLC,https://drinkghost.com/
GHOST Beverages LLC,https://drinkghost.com/
Greenridge Farm,https://www.prnewswire.com/news-releases/greenridge-farm-announces-rebrand-and-debuts-as-greenridge-301913024.html
Greenridge Farm,https://greenridgenaturals.com/
Henkel,https://www.henkel.com/
Henkel,https://www.henkel.com/
"Horizon Media, Inc.",https://www.horizonmedia.com/
"Horizon Media, Inc.",https://www.horizonmedia.com/
Influential,https://influential.co/
InMarket,https://inmarket.com/
JaM Cellars,https://jamcellars.com/
Jun Group,https://jungroup.com/
"Kargo Global, Inc",https://www.kargo.com/about/
KeHE,https://www.kehe.com/
KeHE,https://www.kehe.com/
Kent Foods,https://kentww.com/
Kind Snacks,https://www.kindsnacks.com/about-us.html
"Links Snacks, Inc.",https://www.jacklinks.com/contact-us/
"Links Snacks, Inc.",https://www.jacklinks.com/contact-us/
Liquid Death,https://liquiddeath.com/
Liquid Death,https://liquiddeath.com/
"Man Cave Foods, LLC",https://www.dnb.com/business-directory/company-profiles.man_cave_foods_llc.ff173a95b027a95e6985bb5b8d04d659.html
Matrixx Pictures LLC,https://www.dnb.com/business-directory/company-profiles.matrixx_pictures_llc.e23e5487253f571e2d76964b60cd8219.html
Matrixx Pictures LLC,https://www.dnb.com/business-directory/company-profiles.matrixx_pictures_llc.e23e5487253f571e2d76964b60cd8219.html
Meat & Livestock Australia,https://www.mla.com.au/
Meat & Livestock Australia,https://www.mla.com.au/
MediaHub,https://www.interpublic.com/our-companies/mediahub/
Mindshare Chicago,https://www.mindshareworld.com/usa/offices/chicago-usa
MiQ Digital USA Ltd,https://www.wearemiq.com/
Monarchy Beverage Company LLC,https://www.dnb.com/business-directory/company-profiles.monarchy_beverage_company_llc.9f15b81386679e6fc65d1d5a77e49cff.html
Monarchy Beverage Company LLC,https://www.dnb.com/business-directory/company-profiles.monarchy_beverage_company_llc.9f15b81386679e6fc65d1d5a77e49cff.html
Monster Energy Company,https://www.monsterbevcorp.com/
Monster Energy Company,https://www.monsterbevcorp.com/
Mosaic,https://mosaicco.com/
Neptune Retail Solutions,https://www.neptuneretailsolutions.com/
New Belgium Brewing,https://www.newbelgium.com/
New Belgium Brewing,https://www.newbelgium.com/
Nutrabolt,https://nutrabolt.com/
Nutrabolt,https://nutrabolt.com/
"Old Dutch Foods, Inc.",https://olddutchfoods.com/
"Old Dutch Foods, Inc.",https://olddutchfoods.com/
"OliPOP, Inc",https://drinkolipop.com/
"OliPOP, Inc",https://drinkolipop.com/
Ovative,https://ovative.com/
PDC,https://www.pdcorp.com/
PDC,https://www.pdcorp.com/
Perdue Foods LLC,https://corporate.perduefarms.com/
Perdue Foods LLC,https://corporate.perduefarms.com/
"Post Consumer Brands, LLC",https://www.postconsumerbrands.com/
"Post Consumer Brands, LLC",https://www.postconsumerbrands.com/
Publicis Media,https://www.publicis.com/about-us/
"Redwood Hill Farm & Creamery, Inc.",https://redwoodhill.com/
"Redwood Hill Farm & Creamery, Inc.",https://redwoodhill.com/
Ritual Zero Proof,https://www.ritualzeroproof.com/
Ritual Zero Proof,https://www.ritualzeroproof.com/
Sartori Company,https://www.sartoricheese.com/
Sartori Company,https://www.sartoricheese.com/
"Sightly Enterprises, Inc.",https://www.sightly.com/
Simpls Skiff Beverages Inc (ohza),https://drinkohza.com/pages/about
Simpls Skiff Beverages Inc (ohza),https://drinkohza.com/pages/about
"Snow Days, LLC",http://www.snowdaysllc.com/about/
"Snow Days, LLC",http://www.snowdaysllc.com/about/
SPOT,https://www.findmespot.com/en-us/
SPOT,https://www.findmespot.com/en-us/
Ste. Michelle Wines Estates,https://www.smwe.com/
Ste. Michelle Wines Estates,https://www.smwe.com/
"Summit Group, LLC",https://www.linkedin.com/company/summit-group-llc
"Summit Group, LLC",https://www.linkedin.com/company/summit-group-llc
"Sunshine Mills, Inc.",https://www.sunshinemills.com/
"Sunshine Mills, Inc.",https://www.sunshinemills.com/
Talking Rain Beverage Co,https://talkingrain.com/
Talking Rain Beverage Co,https://talkingrain.com/
"Teads, Inc.",https://www.teads.com/about-teads/
Tessemaes,https://www.tessemaes.com/
Tessemaes,https://www.tessemaes.com/
Tombras,https://tombras.com/
TruRoots LLC,https://trurootscompany.com/
TruRoots LLC,https://trurootscompany.com/
Uncle Matt's Organic,https://www.unclematts.com/
Uncle Matt's Organic,https://www.unclematts.com/
"Universal Tea Company, Inc.",https://www.dnb.com/business-directory/company-profiles.universal_tea_company_inc.54be352b0433ea5a0550a6288eca8f56.html
"Universal Tea Company, Inc.",https://www.dnb.com/business-directory/company-profiles.universal_tea_company_inc.54be352b0433ea5a0550a6288eca8f56.html
Viral Gains,https://www.viralgains.com/company/
Zen Beverage LLC,https://zenwtr.com/
Zen Beverage LLC,https://zenwtr.com/
